Z,sym,name,A,N,zEp,nEn,B,m_calc,m_exp,err,errp
1,H,hydrogen,1,0,938.27,0.0,-25.7,963.97,938.78,25.19,2.683
2,He,helium,4,2,1876.54,1879.13,16.19,3739.48,3728.4,11.08,0.297
3,Li,lithium,7,4,2814.82,3758.26,38.09,6534.98,6535.37,-0.38,-0.006
4,Be,beryllium,9,5,3753.09,4697.83,56.35,8394.57,8394.8,-0.23,-0.003
5,B,boron,11,6,4691.36,5637.39,74.79,10253.96,10255.1,-1.15,-0.011
6,C,carbon,12,6,5629.63,5637.39,84.38,11182.64,11177.93,4.72,0.042
7,N,nitrogen,14,7,6567.9,6576.95,102.53,13042.33,13043.78,-1.45,-0.011
8,O,oxygen,16,8,7506.18,7516.52,120.82,14901.87,14899.17,2.7,0.018
9,F,fluorine,19,10,8444.45,9395.65,149.52,17690.58,17696.9,-6.32,-0.036
10,Ne,neon,20,10,9382.72,9395.65,157.62,18620.75,18622.84,-2.09,-0.011
11,Na,sodium,23,12,10320.99,11274.78,186.93,21408.85,21414.83,-5.99,-0.028
12,Mg,magnesium,24,12,11259.26,11274.78,194.45,22339.6,22341.92,-2.33,-0.01
13,Al,aluminum,27,14,12197.54,13153.91,224.12,25127.33,25133.14,-5.82,-0.023
14,Si,silicon,28,14,13135.81,13153.91,231.1,26058.61,26060.34,-1.73,-0.007
15,P,phosphorus,31,16,14074.08,15033.04,261.0,28846.12,28851.88,-5.76,-0.02
16,S,sulfur,32,16,15012.35,15033.04,267.47,29777.92,29781.8,-3.88,-0.013
17,Cl,chlorine,35,18,15950.62,16912.17,297.49,32565.3,32573.28,-7.98,-0.024
18,Ar,argon,40,22,16888.9,20670.43,345.15,37214.17,37224.72,-10.55,-0.028
19,K,potassium,39,20,17827.17,18791.3,333.55,36284.92,36294.46,-9.54,-0.026
20,Ca,calcium,40,20,18765.44,18791.3,339.07,37217.67,37224.92,-7.25,-0.019
21,Sc,scandium,45,24,19703.71,22549.56,391.0,41862.27,41876.16,-13.89,-0.033
22,Ti,titanium,48,26,20641.98,24428.69,418.71,44651.97,44663.22,-11.26,-0.025
23,V,vanadium,51,28,21580.26,26307.82,445.88,47442.19,47454.0,-11.8,-0.025
24,Cr,chromium,52,28,22518.53,26307.82,454.51,48371.84,48382.27,-10.44,-0.022
25,Mn,manganese,55,30,23456.8,28186.95,481.77,51161.98,51174.46,-12.49,-0.024
26,Fe,iron,56,30,24395.07,28186.95,489.68,52092.34,52103.06,-10.72,-0.021
27,Co,cobalt,59,32,25333.34,30066.08,517.0,54882.43,54895.92,-13.49,-0.025
28,Ni,nickel,58,30,26271.62,28186.95,501.93,53956.63,53966.43,-9.8,-0.018
29,Cu,copper,63,34,27209.89,31945.21,551.56,58603.53,58618.55,-15.01,-0.026
30,Zn,zinc,64,34,28148.16,31945.21,558.18,59535.19,59549.62,-14.42,-0.024
31,Ga,gallium,69,38,29086.43,35703.47,604.88,64185.02,64203.77,-18.74,-0.029
32,Ge,germanium,74,42,30024.7,39461.73,647.53,68838.9,68857.14,-18.24,-0.026
33,As,arsenic,75,42,30962.98,39461.73,656.7,69768.01,69789.02,-21.02,-0.03
34,Se,selenium,80,46,31901.25,43219.99,697.6,74423.64,74441.77,-18.13,-0.024
35,Br,bromine,79,44,32839.52,41340.86,690.58,73489.8,73511.97,-22.16,-0.03
36,Kr,krypton,84,48,33777.79,45099.12,732.16,78144.75,78163.07,-18.32,-0.023
37,Rb,rubidium,85,48,34716.06,45099.12,741.11,79074.08,79094.83,-20.75,-0.026
38,Sr,strontium,88,50,35654.34,46978.25,765.95,81866.63,81883.56,-16.93,-0.021
39,Y,yttrium,89,50,36592.61,46978.25,774.19,82796.66,82815.26,-18.6,-0.022
40,Zr,zirconium,90,50,37530.88,46978.25,781.55,83727.58,83745.7,-18.12,-0.022
41,Nb,niobium,93,52,38469.15,48857.38,806.57,86519.96,86541.74,-21.78,-0.025
42,Mo,molybdenum,98,56,39407.42,52615.64,847.83,91175.24,91198.31,-23.07,-0.025
43,Tc,technetium,98,55,40345.7,51676.08,847.2,91174.57,91286.42,-111.85,-0.123
44,Ru,ruthenium,102,58,41283.97,54494.77,880.01,94898.72,94923.29,-24.57,-0.026
45,Rh,rhodium,103,58,42222.24,54494.77,887.33,95829.68,95855.86,-26.18,-0.027
46,Pd,palladium,106,60,43160.51,56373.9,911.48,98622.94,98648.47,-25.53,-0.026
47,Ag,silver,107,60,44098.78,56373.9,918.17,99554.51,99581.46,-26.95,-0.027
48,Cd,cadmium,114,66,45037.06,62011.29,974.67,106073.67,106100.31,-26.64,-0.025
49,In,indium,115,66,45975.33,62011.29,982.54,107004.08,107032.29,-28.21,-0.026
50,Sn,tin,120,70,46913.6,65769.55,1020.78,111662.37,111688.19,-25.83,-0.023
51,Sb,antimony,121,70,47851.87,65769.55,1028.85,112592.57,112621.19,-28.61,-0.025
52,Te,tellurium,130,78,48790.14,73286.07,1092.05,120984.17,121006.88,-22.71,-0.019
53,I,iodine,127,74,49728.42,69527.81,1074.39,118181.84,118210.77,-28.93,-0.024
54,Xe,xenon,132,78,50666.69,73286.07,1110.85,122841.91,122867.94,-26.03,-0.021
55,Cs,cesium,133,78,51604.96,73286.07,1119.2,123771.83,123800.64,-28.81,-0.023
56,Ba,barium,138,82,52543.23,77044.33,1154.89,128432.67,128457.92,-25.25,-0.02
57,La,lanthanum,139,82,53481.5,77044.33,1163.33,129362.51,129390.46,-27.95,-0.022
58,Ce,cerium,140,82,54419.78,77044.33,1171.1,130293.01,130321.1,-28.09,-0.022
59,Pr,praseodymium,141,82,55358.05,77044.33,1178.21,131224.17,131254.65,-30.48,-0.023
60,Nd,neodymium,142,82,56296.32,77044.33,1184.67,132155.98,132186.21,-30.23,-0.023
61,Pm,promethium,145,84,57234.59,78923.46,1206.64,134951.41,135066.64,-115.24,-0.085
62,Sm,samarium,152,90,58172.86,84560.85,1257.57,141476.14,141512.34,-36.2,-0.026
63,Eu,europium,153,90,59111.14,84560.85,1264.85,142407.14,142445.23,-38.1,-0.027
64,Gd,gadolinium,158,94,60049.41,88319.11,1299.88,147068.64,147105.38,-36.74,-0.025
65,Tb,terbium,159,94,60987.68,88319.11,1307.2,147999.59,148038.03,-38.44,-0.026
66,Dy,dysprosium,164,98,61925.95,92077.37,1341.59,152661.74,152699.07,-37.33,-0.024
67,Ho,holmium,165,98,62864.22,92077.37,1348.94,153592.66,153631.63,-38.97,-0.025
68,Er,erbium,166,98,63802.5,92077.37,1355.69,154524.17,154563.1,-38.92,-0.025
69,Tm,thulium,169,100,64740.77,93956.5,1376.35,157320.92,157361.23,-40.31,-0.026
70,Yb,ytterbium,174,104,65679.04,97714.76,1410.44,161983.36,162023.03,-39.67,-0.024
71,Lu,lutetium,175,104,66617.31,97714.76,1417.22,162914.85,162956.3,-41.45,-0.025
72,Hf,hafnium,180,108,67555.58,101473.02,1450.74,167577.87,167619.16,-41.29,-0.025
73,Ta,tantalum,181,108,68493.86,101473.02,1457.51,168509.36,168551.99,-42.63,-0.025
74,W,tungsten,184,110,69432.13,103352.15,1477.45,171306.83,171349.21,-42.38,-0.025
75,Re,rhenium,187,112,70370.4,105231.28,1497.25,174104.43,174148.18,-43.75,-0.025
76,Os,osmium,192,116,71308.67,108989.54,1529.71,178768.5,178810.99,-42.48,-0.024
77,Ir,iridium,193,116,72246.94,108989.54,1536.43,179700.05,179743.83,-43.78,-0.024
78,Pt,platinum,195,117,73185.22,109929.11,1549.31,181565.02,181608.56,-43.54,-0.024
79,Au,gold,197,118,74123.49,110868.67,1562.0,183430.15,183473.2,-43.04,-0.023
80,Hg,mercury,202,122,75061.76,114626.93,1594.23,188094.46,188134.46,-40.0,-0.021
81,Tl,thallium,205,124,76000.03,116506.06,1613.23,190892.86,190932.47,-39.61,-0.021
82,Pb,lead,208,126,76938.3,118385.19,1632.11,193691.38,193729.02,-37.64,-0.019
83,Bi,bismuth,209,126,77876.58,118385.19,1638.19,194623.57,194664.01,-40.44,-0.021
84,Po,polonium,209,125,78814.85,117445.62,1636.98,194623.49,194682.27,-58.78,-0.03
85,At,astatine,210,125,79753.12,117445.62,1641.82,195556.92,195613.76,-56.84,-0.029
86,Rn,radon,222,136,80691.39,127780.84,1718.24,206753.99,206791.69,-37.7,-0.018
87,Fr,francium,223,136,81629.66,127780.84,1724.64,207685.86,207723.18,-37.33,-0.018
88,Ra,radium,226,138,82567.94,129659.97,1742.79,210485.12,210517.67,-32.55,-0.015
89,Ac,actinium,227,138,83506.21,129659.97,1748.66,211417.52,211449.16,-31.65,-0.015
90,Th,thorium,232,142,84444.48,133418.23,1778.72,216083.99,216142.08,-58.08,-0.027
91,Pa,protactinium,231,140,85382.75,131539.1,1772.0,215149.85,215208.56,-58.71,-0.027
92,U,uranium,238,146,86321.02,137176.49,1814.18,221683.34,221722.53,-39.19,-0.018
93,Np,neptunium,237,144,87259.3,135297.36,1807.52,220749.13,220764.1,-14.97,-0.007
94,Pu,plutonium,244,150,88197.57,140934.75,1849.17,227283.15,227284.56,-1.41,-0.001
95,Am,americium,243,148,89135.84,139055.62,1842.57,226348.89,226353.07,-4.17,-0.002
96,Cm,curium,247,151,90074.11,141874.32,1866.04,230082.39,230079.04,3.35,0.001
97,Bk,berkelium,247,150,91012.38,140934.75,1864.6,230082.54,230079.04,3.49,0.002
98,Cf,californium,251,153,91950.66,143753.45,1888.07,233816.03,233805.02,11.01,0.005
99,Es,einsteinium,252,153,92888.93,143753.45,1892.47,234749.9,234736.51,13.39,0.006
100,Fm,fermium,257,157,93827.2,147511.71,1922.01,239416.89,239393.98,22.91,0.01
101,Md,mendelevium,258,157,94765.47,147511.71,1926.32,240350.86,240325.48,25.38,0.011
102,No,nobelium,259,157,95703.74,147511.71,1930.19,241285.26,241256.97,28.29,0.012
103,Lr,lawrencium,262,159,96642.02,149390.84,1946.89,244085.96,244051.45,34.5,0.014
104,Rf,rutherfordium,261,157,97580.29,147511.71,1936.63,243155.36,243119.96,35.4,0.015
105,Db,dubnium,262,157,98518.56,147511.71,1939.21,244091.06,244051.45,39.6,0.016
106,Sg,seaborgium,266,160,99456.83,150330.4,1962.83,247824.4,247777.43,46.97,0.019
107,Bh,bohrium,264,157,100395.1,147511.71,1943.1,245963.71,245914.44,49.26,0.02
108,Hs,hassium,277,169,101333.38,158786.49,2028.67,258091.19,258023.87,67.32,0.026
109,Mt,meitnerium,268,159,102271.65,149390.84,1960.92,249701.56,249640.42,61.15,0.024
110,Ds,darmstadtium,281,171,103209.92,160665.62,2047.79,261827.74,261749.84,77.9,0.03
111,Rg,roentgenium,272,161,104148.19,151269.96,1978.14,253440.02,253366.4,73.62,0.029
112,Cn,copernicium,285,173,105086.46,162544.74,2066.3,265564.91,265475.82,89.09,0.034
113,Nh,nihonium,286,173,106024.74,162544.74,2068.54,266500.94,266407.31,93.62,0.035
114,Fl,flerovium,289,175,106963.01,164423.88,2084.18,269302.7,269201.8,100.91,0.037
115,Mc,moscovium,289,174,107901.28,163484.31,2078.96,269306.63,269201.8,104.83,0.039
116,Lv,livermorium,293,177,108839.55,166303.01,2101.46,273041.1,272927.77,113.32,0.042
117,Ts,tennessine,294,177,109777.82,166303.01,2102.82,273978.01,273859.27,118.74,0.043
118,Og,oganesson,294,176,110716.1,165363.44,2096.46,273983.08,273859.27,123.81,0.045
